M-K-V-P-A-F-F-A-A-N-I-L-T-I-E-Q-I-I-E-A-I-N-N-D-G-S-A-M-T-S-A-P-E-I-A-G-Y-Y-A-W-D-A-A-T-D-A-L-E-S-E-N-D-L-E-Q-L-T-E-D-D-F-V-A-H-L-E-V-L-E-E-R-G-A-K-I-D-R-D-A-A-I-A-V-A-L-Q-F-Q-A-A-A-V-N-D-L-H-S-G-D-E-end,1
M-K-V-P-A-F-F-A-A-N-I-L-T-I-E-Q-I-I-E-A-I-N-N-D-G-S-A-M-T-S-A-P-E-I-A-G-Y-Y-A-W-D-A-A-T-D-A-L-E-S-E-N-D-L-E-Q-L-T-E-D-D-F-V-A-H-L-E-V-L-E-E-R-G-A-K-I-D-R-D-A-A-V-A-V-A-L-Q-F-Q-A-A-A-V-N-D-L-H-S-G-D-E-end,1
M-K-V-P-A-F-F-A-A-N-I-L-T-I-E-Q-I-I-E-A-I-N-N-D-G-S-A-M-T-S-A-P-E-I-A-G-Y-Y-A-W-D-A-A-T-D-A-L-E-S-E-N-D-L-E-Q-L-T-E-D-D-F-V-A-H-L-E-V-L-E-E-R-G-A-K-I-N-R-D-A-A-I-A-V-A-L-Q-F-Q-A-A-A-V-N-D-L-H-S-G-D-E-end,1
M-T-I-Y-L-S-N-A-I-E-N-A-T-S-I-E-Q-V-V-E-L-I-N-E-G-T-C-E-G-M-E-G-I-E-F-T-A-D-I-L-A-G-Q-Y-A-W-S-A-A-K-D-F-V-D-S-A-G-M-T-A-D-D-L-E-A-Q-L-E-F-L-S-A-A-G-A-V-F-S-E-S-V-A-V-D-H-G-L-K-L-A-A-A-D-T-E-end,1
M-A-A-D-F-I-K-D-A-N-S-I-E-Q-I-V-D-G-I-N-T-T-E-A-S-S-E-V-K-Y-F-G-E-Y-K-L-D-S-G-E-K-L-A-A-H-Y-A-Y-E-Q-V-A-N-Y-E-H-I-S-D-D-E-I-K-T-H-L-Q-E-L-K-S-K-D-A-H-F-D-M-N-E-S-L-Q-I-A-K-Q-F-C-S-K-C-E-T-end,1
M-I-S-T-A-L-K-Q-A-D-S-I-E-Q-V-V-Q-I-I-D-N-G-G-T-A-Q-H-G-P-E-E-I-A-G-Q-Y-A-Y-L-V-M-L-H-Q-K-T-V-D-K-Q-A-V-K-K-P-L-D-D-L-M-S-Q-G-A-M-F-D-Y-D-L-A-L-Q-Q-A-E-N-L-L-L-N-L-V-E-T-end,1
M-I-D-F-N-S-I-D-H-A-I-A-L-I-Q-K-D-P-E-Q-A-N-A-I-A-G-E-Y-A-Y-Q-M-A-R-E-A-Y-E-I-A-S-E-S-G-F-G-M-E-D-E-D-F-E-D-Q-L-E-F-L-I-N-A-G-L-V-F-D-V-Q-E-A-I-N-K-A-R-S-L-H-I-A-N-Q-S-P-C-end,1
M-N-A-E-Y-I-V-C-A-A-L-W-D-M-D-F-S-K-L-V-P-F-F-A-M-D-H-T-V-R-H-P-K-F-T-S-E-Y-L-A-G-Q-Y-A-Y-Y-A-A-T-S-R-D-T-V-N-K-R-T-F-K-D-E-L-K-F-L-R-E-L-G-I-K-F-D-A-D-Q-A-L-R-Y-A-V-Y-L-S-G-I-L-D-Y-Q-S-S-K-L-K-W-L-end,1
M-T-Q-L-T-A-Q-Q-E-K-S-I-R-A-F-K-F-Q-F-N-P-Y-G-A-C-G-L-G-D-V-L-T-A-F-E-D-E-R-D-D-E-E-S-C-I-F-M-A-T-A-Y-A-L-D-G-A-Y-E-S-G-Y-F-D-I-D-N-T-E-A-Q-L-E-A-L-R-E-H-G-A-K-F-D-F-G-K-A-L-E-L-end,1
M-N-T-F-M-T-L-S-N-A-D-S-V-S-A-V-V-D-F-I-N-T-V-N-D-R-K-D-H-L-V-D-H-Y-G-W-G-D-V-A-A-T-Y-E-L-N-D-Y-A-A-A-Q-Y-A-W-E-A-S-E-D-N-S-I-E-S-I-E-A-N-L-E-F-I-K-D-E-G-A-K-F-N-T-E-N-A-L-K-I-A-Q-L-F-L-E-A-end,1
M-T-L-S-N-A-D-S-V-S-A-V-V-D-F-I-N-T-V-N-D-R-K-D-H-L-V-D-H-Y-G-W-G-D-V-A-A-T-Y-E-L-N-D-Y-A-A-A-Q-Y-A-W-E-A-S-E-D-N-S-I-E-S-I-E-A-N-L-E-F-I-K-D-E-G-A-K-F-N-T-E-N-A-L-K-I-A-Q-L-F-L-E-A-end,1
M-R-F-T-S-P-S-R-T-I-P-S-I-C-L-A-I-Y-G-C-G-Q-L-D-R-V-A-D-F-I-N-N-S-G-E-Y-V-E-D-G-V-T-F-T-P-G-M-I-A-G-Q-Y-A-F-E-Q-V-K-L-D-R-K-G-Y-D-T-R-R-L-Q-K-Y-L-S-F-L-A-D-A-G-A-F-F-S-E-E-E-A-L-Q-R-A-D-D-L-I-N-N-F-T-A-D-F-G-H-D-E-D-G-D-A-T-F-R-I-K-A-Q-S-Y-R-L-K-K-Y-D-C-H-A-L-W-S-M-I-N-Q-A-S-L-T-I-E-S-V-K-P-E-T-F-C-D-E-D-S-D-E-D-I-S-S-D-S-L-D-L-V-L-T-S-R-L-F-N-K-Q-N-E-A-F-A-T-L-T-Q-Y-Y-T-V-S-E-G-M-L-T-V-E-D-L-L-D-Y-S-L-L-D-Y-P-N-F-H-D-E-S-G-K-T-Y-N-L-M-E-N-I-A-Q-R-Y-Y-T-E-C-I-K-V-V-M-D-Y-F-R-D-A-H-K-E-L-P-D-V-I-R-S-E-E-I-T-S-M-I-L-Q-P-M-K-L-P-I-M-A-N-end,1
M-R-F-T-S-P-S-R-T-I-P-S-I-C-L-A-I-Y-G-C-G-Q-L-D-R-V-A-D-F-I-N-N-S-G-E-Y-V-E-D-G-V-T-F-T-P-G-M-I-A-G-Q-Y-A-F-E-Q-V-K-L-D-R-K-G-Y-D-T-R-R-L-Q-K-Y-L-S-F-L-A-D-A-G-A-F-F-S-E-E-E-A-L-Q-R-A-D-D-L-I-N-N-F-T-A-D-F-G-H-D-E-D-G-D-A-T-F-R-I-K-A-Q-S-Y-R-L-K-K-Y-D-C-H-A-L-W-S-M-I-N-Q-A-S-L-T-I-E-S-V-K-P-E-T-F-C-D-E-D-S-D-E-D-I-S-S-D-S-L-D-L-V-L-T-S-R-L-F-N-K-Q-N-E-A-F-A-T-L-T-Q-Y-Y-T-V-S-E-G-M-L-T-V-E-D-L-L-D-Y-S-L-L-D-Y-P-N-F-H-D-E-S-G-K-T-Y-N-L-M-E-N-I-A-Q-R-Y-Y-T-E-C-I-K-V-V-M-D-Y-F-R-D-A-H-K-E-L-P-D-V-I-R-S-E-E-I-T-S-M-I-L-Q-P-M-K-L-P-I-M-A-N-end,1
