M-F-K-R-A-I-I-F-T-S-F-N-G-F-E-K-V-S-R-T-E-K-R-R-L-A-K-I-I-N-A-R-V-S-I-I-D-E-Y-L-R-A-K-D-T-N-A-S-L-D-G-Q-Y-R-A-F-L-F-N-D-E-S-P-A-M-T-E-F-L-A-K-L-K-A-F-A-E-S-C-T-G-I-S-I-D-A-W-E-I-E-E-S-E-Y-V-R-L-P-V-E-R-R-D-F-L-A-A-A-N-G-K-E-I-F-K-I-end,1
M-F-K-R-A-I-I-F-T-S-F-N-G-F-E-K-V-S-R-T-E-K-R-Q-L-A-K-I-I-N-S-E-V-S-I-I-N-E-H-L-E-A-K-A-T-N-A-S-L-D-G-Q-Y-R-A-F-L-F-N-D-E-S-P-A-M-T-E-L-L-A-K-L-K-A-F-A-E-S-C-T-G-I-S-I-D-A-W-E-I-E-E-S-E-Y-V-R-L-P-V-E-R-R-D-F-L-A-A-A-N-G-K-E-I-F-K-I-end,1
M-F-K-R-A-I-I-F-T-S-F-N-G-L-E-T-V-S-Q-T-E-K-R-Q-L-A-K-I-I-N-S-E-V-S-I-I-N-E-H-L-E-A-K-A-T-N-A-S-L-D-G-Q-Y-R-A-F-L-F-N-D-E-S-P-A-M-T-E-F-L-A-K-L-K-A-F-A-E-S-C-T-G-I-S-I-D-A-W-E-I-E-E-S-E-Y-V-R-L-P-V-E-R-R-D-F-L-A-A-A-N-G-K-E-I-F-K-I-end,1
M-F-K-R-A-I-I-F-T-S-F-N-G-F-E-K-V-S-R-T-E-K-R-R-L-A-K-I-I-N-S-R-V-S-I-T-D-E-Y-L-R-A-K-D-T-N-A-S-L-D-G-Q-Y-R-A-F-L-F-N-D-E-S-P-A-M-T-E-F-L-A-K-L-K-A-F-A-E-S-T-A-G-I-N-I-D-A-W-E-I-E-E-S-E-Y-N-S-L-P-L-K-Q-K-D-F-L-A-A-A-N-G-K-E-I-F-K-I-end,1
M-F-K-R-A-I-I-F-T-S-F-N-G-F-E-K-V-S-R-T-E-K-R-Q-L-A-K-I-T-N-S-E-V-S-I-I-N-E-H-L-E-A-K-A-T-N-A-S-L-D-G-Q-Y-R-A-F-L-F-N-D-E-S-P-A-M-T-E-F-L-A-K-L-K-A-F-A-E-S-T-A-G-I-N-I-D-A-W-E-I-E-E-S-E-Y-V-R-L-P-V-E-R-R-D-F-L-A-A-A-N-G-K-E-I-F-K-I-end,1
M-F-K-R-A-I-I-F-T-S-F-N-G-L-E-T-V-S-Q-T-E-K-R-R-L-A-K-I-I-N-S-R-V-S-I-T-D-E-Y-L-R-A-K-D-T-N-A-S-L-D-G-Q-Y-R-A-F-L-F-N-D-E-S-P-A-M-T-E-F-L-A-K-L-K-A-F-A-E-S-T-A-G-I-N-I-D-A-W-E-I-E-E-S-E-Y-N-S-L-P-L-K-Q-K-D-F-L-A-A-A-N-G-K-E-I-F-K-I-end,1
M-F-K-R-A-I-I-F-T-S-F-N-G-L-E-T-V-S-Q-T-E-K-R-Q-L-A-K-I-I-N-S-E-V-S-I-I-N-E-H-L-E-A-K-A-T-N-A-S-L-D-G-Q-Y-R-A-F-L-F-N-D-E-S-P-A-M-T-E-F-L-A-K-L-K-A-F-A-E-S-T-A-G-I-N-I-D-A-W-E-I-E-E-S-E-Y-V-R-L-P-V-E-Q-K-D-F-L-A-A-A-N-G-K-E-I-F-K-I-end,1
M-F-K-R-A-I-I-F-T-S-F-N-G-L-E-T-V-S-Q-T-E-K-R-Q-L-A-K-I-I-N-S-E-V-S-I-I-N-E-H-L-E-A-K-A-T-N-A-S-L-D-G-Q-Y-R-A-F-L-F-N-D-E-S-P-A-M-T-E-F-L-A-K-L-K-A-F-A-E-S-T-A-G-I-N-I-D-A-W-E-I-E-E-S-E-Y-I-R-L-P-V-E-Q-K-D-F-L-A-A-A-N-G-K-E-I-F-K-I-end,1
M-D-R-Q-Q-A-C-H-R-H-L-D-G-F-K-D-K-R-K-D-F-K-M-F-K-R-A-I-I-F-T-S-F-N-G-L-E-T-V-S-Q-T-E-K-R-Q-L-A-K-I-I-N-S-E-V-S-I-I-N-E-H-L-E-A-K-A-T-N-A-S-L-D-G-Q-Y-R-A-F-L-F-N-D-E-S-P-A-M-T-E-F-L-A-K-L-K-A-F-A-E-S-T-A-G-I-N-I-D-A-W-E-I-E-E-S-E-Y-V-R-L-P-V-E-Q-K-D-F-L-A-A-A-N-G-K-E-I-F-K-I-end,1
M-F-K-R-A-I-I-F-T-S-F-N-G-F-E-K-V-S-Q-T-E-K-R-Q-L-A-K-I-I-N-S-E-V-S-I-I-N-E-H-L-E-A-K-A-T-N-A-S-L-D-G-Q-Y-R-A-F-L-F-N-D-E-S-P-A-M-T-E-F-L-A-K-L-K-A-F-A-E-S-T-A-G-I-N-I-D-A-W-E-I-E-E-S-E-Y-N-S-L-P-L-K-Q-K-D-F-L-A-A-A-N-G-K-E-I-F-K-I-end,1
M-F-K-R-A-I-I-F-T-S-F-N-G-L-E-T-V-S-Q-T-E-K-R-Q-L-A-K-I-I-N-S-E-V-S-I-I-N-E-H-L-E-A-K-A-T-N-A-S-L-D-G-Q-Y-R-A-F-L-F-N-D-E-S-P-A-M-T-E-F-L-A-K-L-K-A-F-A-E-S-T-A-G-I-N-I-D-A-W-E-I-E-E-S-E-Y-V-R-L-P-V-E-Q-K-D-F-L-A-A-A-A-N-G-K-E-I-F-K-I-end,1
M-F-K-R-A-I-I-F-T-S-F-N-G-L-E-T-V-S-Q-T-E-K-R-Q-L-A-K-I-I-N-S-E-V-S-I-T-D-E-Y-L-R-A-K-D-T-N-A-S-L-D-G-Q-Y-R-A-F-L-F-N-D-E-S-P-A-M-T-E-F-L-A-K-L-K-A-F-end,1
D-T-N-A-S-L-D-G-Q-Y-R-A-F-L-F-N-D-E-S-P-A-M-T-E-F-L-A-K-L-K-A-F-A-E-S-T-A-G-I-N-I-D-A-W-E-I-E-E-S-E-Y-N-S-L-P-L-K-Q-K-D-F-L-A-A-A-N-G-K-E-I-F-K-I-end,1
M-F-K-R-A-I-I-F-T-S-F-N-G-F-E-K-V-S-R-T-E-K-R-R-L-A-K-I-I-N-S-R-V-S-I-T-N-E-H-L-K-P-K-T-P-T-H-R-L-T-V-N-T-A-L-S-C-S-T-T-N-R-P-R-end,1
