M-N-I-N-D-L-I-R-E-I-K-N-K-D-Y-T-V-K-L-S-G-T-D-S-N-S-I-T-Q-L-I-I-R-V-N-N-D-G-N-E-Y-V-I-S-E-S-E-N-E-S-I-V-E-K-F-I-S-A-F-K-N-G-W-N-Q-E-Y-E-D-E-E-E-F-Y-N-D-M-Q-T-I-T-L-K-S-E-L-N-end,1
M-N-L-K-E-L-V-R-E-I-K-N-K-D-Y-T-A-K-L-S-G-T-D-S-N-S-I-T-Q-L-I-I-H-V-N-N-D-G-N-E-Y-G-I-S-E-S-N-F-E-S-I-V-E-K-F-V-S-N-F-E-N-G-W-D-G-A-Y-E-D-E-E-E-F-Y-N-D-M-Q-D-I-V-N-R-H-F-K-end,1
M-N-I-N-D-L-I-R-E-I-K-N-K-D-Y-T-V-K-L-S-G-T-D-S-N-S-I-T-Q-L-I-I-R-V-N-N-D-G-N-E-Y-V-I-S-E-S-E-N-E-S-I-V-E-K-F-I-S-A-F-K-N-G-W-N-Q-E-Y-E-D-E-E-E-F-Y-N-D-M-Q-T-I-T-L-K-S-E-L-N-end,1
M-N-I-N-D-L-I-R-E-I-K-N-K-D-Y-T-V-K-L-S-G-T-D-S-N-S-I-T-Q-L-I-I-R-V-N-N-D-G-N-E-Y-V-I-S-E-S-E-N-E-S-I-V-E-K-F-I-S-A-F-K-N-G-W-N-Q-E-Y-E-D-E-E-E-F-Y-N-D-M-Q-T-I-T-L-K-S-E-L-N-end,1
M-N-I-N-D-L-I-R-E-I-K-N-K-D-Y-T-V-K-L-S-G-T-D-S-N-S-I-T-Q-L-I-I-R-V-N-N-D-G-N-E-Y-V-I-S-E-S-E-N-E-S-I-V-E-K-F-I-S-A-F-K-N-G-W-N-Q-E-Y-E-D-E-E-E-F-Y-N-D-M-Q-T-I-T-L-K-S-E-L-N-end,1
M-N-L-K-E-L-V-R-E-I-K-N-K-D-Y-T-A-K-L-S-G-T-D-S-N-S-I-T-Q-L-I-I-H-V-N-N-D-G-N-E-Y-G-I-S-E-S-N-F-E-S-I-V-E-K-F-V-S-T-F-E-N-G-W-D-G-A-Y-E-D-E-E-E-F-Y-N-D-M-Q-D-I-V-N-R-H-F-K-end,1
M-N-I-N-E-L-I-R-E-I-K-N-K-D-Y-T-A-K-L-S-G-T-D-S-N-S-I-T-Q-L-I-I-H-V-N-N-D-G-N-E-Y-V-I-S-E-S-E-N-E-S-I-V-E-K-F-I-S-A-F-K-N-G-W-N-Q-E-Y-E-D-E-E-E-F-Y-N-D-M-Q-T-I-T-L-K-S-E-L-N-end,1
M-N-I-N-D-L-I-R-E-I-K-N-K-D-Y-T-V-K-L-S-G-T-D-S-N-S-I-T-Q-L-I-I-R-V-N-N-D-G-N-E-Y-V-I-S-E-S-E-N-E-S-I-V-E-K-F-I-S-A-F-K-N-G-W-N-Q-E-Y-E-D-E-E-E-F-Y-N-D-M-Q-T-I-T-L-K-S-E-L-N-end,1
M-N-L-K-E-L-V-R-E-I-K-N-K-D-Y-T-A-K-L-S-G-T-D-S-N-S-I-T-Q-L-I-I-H-V-N-N-D-G-N-E-Y-G-I-S-E-S-N-F-E-S-I-V-E-K-F-V-S-N-F-E-N-G-W-D-G-A-Y-E-D-E-E-E-F-Y-N-D-M-Q-D-I-V-N-R-H-F-K-end,1
M-N-L-K-E-L-V-R-E-I-K-N-K-D-Y-T-A-K-L-S-G-T-D-S-N-S-I-T-Q-L-I-I-H-V-N-N-D-G-N-E-Y-G-I-S-E-S-N-F-E-S-I-V-E-K-F-V-S-N-F-E-N-G-W-D-G-A-Y-E-D-E-E-E-F-Y-N-D-M-Q-D-I-V-N-R-H-F-K-end,1
M-N-I-S-E-L-I-R-E-I-K-N-K-D-Y-A-V-R-L-E-G-T-D-D-N-S-I-T-K-L-I-I-D-V-D-N-D-G-N-E-Y-V-I-S-E-S-K-N-E-S-I-A-E-K-F-A-S-T-F-K-N-G-W-N-K-E-Y-E-D-E-E-E-F-Y-N-D-M-Q-S-I-I-L-K-S-E-L-N-end,1
M-N-I-S-E-L-I-R-E-I-K-N-K-D-Y-A-V-R-L-E-G-T-D-D-N-S-I-T-K-L-I-I-D-V-D-N-D-G-N-E-Y-V-I-S-E-S-K-N-E-S-I-A-E-K-F-A-S-T-F-K-N-G-W-N-K-E-Y-E-D-E-E-E-F-Y-N-D-M-Q-S-I-I-L-K-S-E-L-N-end,1
M-N-I-N-E-L-I-R-E-I-K-N-K-D-Y-T-A-K-L-S-G-T-D-S-N-S-I-A-Q-L-I-I-R-V-N-N-D-G-N-E-Y-V-I-S-E-S-E-N-E-S-I-V-E-K-F-I-S-A-F-K-N-G-W-N-Q-E-Y-E-D-E-E-E-F-Y-N-D-M-Q-T-I-T-L-K-S-E-L-N-end,1
M-N-I-N-E-L-I-R-E-I-K-N-K-D-Y-T-A-K-L-S-G-T-D-S-N-S-I-T-Q-L-I-I-H-V-N-N-D-G-N-E-Y-V-I-S-E-S-E-N-E-S-I-V-E-K-F-I-S-A-F-K-N-G-W-N-Q-E-Y-E-D-E-E-E-F-Y-N-D-M-Q-T-I-T-L-K-S-E-L-N-end,1
M-N-I-N-D-L-I-R-E-I-K-N-K-D-Y-T-V-K-L-S-G-T-D-S-N-S-I-T-Q-L-I-I-R-V-N-N-D-G-N-E-Y-V-I-S-E-S-E-N-E-S-I-V-E-K-F-I-S-A-F-K-N-G-W-N-Q-E-Y-E-D-E-E-E-F-Y-N-D-M-Q-T-I-T-L-K-S-E-L-N-end,1
M-N-I-N-E-L-I-R-E-I-K-N-K-D-Y-T-A-K-L-S-G-T-D-S-N-S-I-T-Q-L-I-I-R-V-N-N-D-G-N-E-Y-V-I-S-E-S-E-N-E-S-I-V-E-K-F-I-S-A-F-K-N-G-W-N-Q-E-Y-E-D-E-E-E-F-Y-N-D-M-Q-T-I-T-L-K-S-E-L-N-end,1
M-N-I-N-E-L-I-R-E-I-K-N-K-D-Y-T-A-K-L-S-G-T-D-S-N-S-I-T-Q-L-I-I-H-V-N-N-D-G-N-E-Y-V-I-S-E-S-E-N-E-S-I-V-E-K-F-I-S-A-F-K-N-G-W-N-Q-E-Y-E-D-E-E-E-F-Y-N-D-M-Q-T-I-T-L-K-S-E-L-N-end,1
M-N-I-N-E-L-I-R-E-I-K-N-K-D-Y-T-A-K-L-S-G-T-D-S-N-S-I-T-Q-L-I-I-H-V-N-N-D-G-N-E-Y-V-I-S-E-S-E-N-E-S-I-V-E-K-F-I-S-A-F-K-N-G-W-N-Q-E-Y-E-D-E-E-E-F-Y-N-D-M-Q-T-I-T-L-K-S-E-L-N-end,1
M-N-L-K-E-L-V-R-E-I-K-N-K-D-Y-T-A-K-L-S-G-T-D-S-N-S-I-T-Q-L-I-I-H-V-N-N-D-G-N-E-Y-G-I-S-E-S-N-F-E-S-I-V-E-K-F-V-S-N-F-E-N-G-W-D-G-A-Y-E-D-E-E-E-F-Y-N-D-M-Q-D-I-V-N-R-H-F-K-end,1
M-N-L-K-E-L-V-R-E-I-K-N-K-D-Y-T-A-K-L-S-G-T-D-S-N-S-I-T-Q-L-I-I-H-V-N-N-D-G-N-E-Y-G-I-S-E-S-N-F-E-S-I-V-E-K-F-V-S-N-F-E-N-G-W-D-G-A-Y-E-D-E-E-E-F-Y-N-D-M-Q-D-I-V-N-R-H-F-K-end,1
M-N-L-K-E-L-V-R-E-I-K-N-K-D-Y-T-A-K-L-S-G-T-D-S-N-S-I-T-Q-L-I-I-H-V-N-N-D-G-N-E-Y-G-I-S-E-S-N-F-E-S-I-V-E-K-F-V-S-N-F-E-N-G-W-D-G-A-Y-E-D-E-E-E-F-Y-N-D-M-Q-D-I-V-N-R-H-F-K-end,1
M-N-L-K-E-L-V-R-E-I-K-N-K-D-Y-T-A-K-L-S-G-T-D-S-N-S-I-T-Q-L-I-I-H-V-N-N-D-G-N-E-Y-G-I-S-E-S-N-F-E-S-I-V-E-K-F-V-S-N-F-E-N-G-W-D-G-A-Y-E-D-E-E-E-F-Y-N-D-M-Q-D-I-V-N-R-H-F-K-end,1
M-N-L-K-E-L-V-R-E-I-K-N-K-D-Y-T-A-K-L-S-G-T-D-S-N-S-I-T-Q-L-I-I-H-V-N-N-D-G-N-E-Y-G-I-S-E-S-N-F-E-S-I-V-E-K-F-V-S-N-F-E-N-G-W-D-G-A-Y-E-D-E-E-E-F-Y-N-D-M-Q-D-I-V-N-R-H-F-K-end,1
